channel,ground_truth_weight
Google_Ads,0.36810653725986703
Social_Media,0.06871172654717159
Email,0.26546214793298184
Organic_Search,0.12006583851868513
Direct,0.17765374974129441
