channel,shapley_value
Google_Ads,93.39999999999998
Social_Media,72.15000000000003
Email,63.400000000000006
Organic_Search,66.4
Direct,58.649999999999984
